{
  "id": 1,
  "portfolio": "</code>",
  "profileLink": "https://avatars.githubusercontent.com/u/104499385?v=4",
  "name": "Pawan Kumar",
  "bio": "I'm a full-stack developer with a passion for building scalable and efficient applications.",
  "navbar": [
    {
      "id": 1,
      "navName": "About",
      "navLink": "about"
    },
    {
      "id": 2,
      "navName": "Education",
      "navLink": "education"
    },
    {
      "id": 3,
      "navName": "Skills",
      "navLink": "experience"
    },
    {
      "id": 4,
      "navName": "Platform",
      "navLink": "platform"
    },
    {
      "id": 5,
      "navName": "Projects",
      "navLink": "project"
    }
  ],
  "about": [
    {
      "aboutId": 1,
      "title": "Front-End Developer",
      "description": "I'm a Fontend Developer with experience in building responsive and optimize site",
      "imageSrc": "about/cursorIcon.png",
      "alt": "Cursor Icon"
    },
    {
      "aboutId": 2,
      "title": "Back-End Developer",
      "description": "I have experience developing fast and optimize back-end systems and APIs.",
      "imageSrc": "about/serverIcon.png",
      "alt": "Server Icon"
    },
    {
      "aboutId": 3,
      "title": "App Developer",
      "description": "I have experience developing scalable and efficient mobile applications",
      "imageSrc": "about/uiIcon.png",
      "alt": "UI Icon"
    }
  ],
  "qualification": [
    {
      "title": "Bachelor of Technology",
      "course": "Branch",
      "courseID": "CSE",
      "collage": "Maharana Pratap Engineering Collage,Kanpur",
      "duration":"2022 -Present"
      
    },
    {
      "title": "Diploma",
      "course": "Branch",
      "courseID":"Mechanical Engineering",
      "collage": "Govt. Polytechnic Agra,Shamsabad",
      "duration":"2019 - 2022"
      
    },
    {
      "title": "Intermediate",
      "course": "Board",
      "courseID":"CBSE",
      "collage": "D.A.V. Sr. Sec. Public School,Rihand Nagar Sonbhadra",
      "duration":"2017 - 2019"
    },
    {
      "title": "High School",
      "course": "Board",
      "courseID":"CBSE",
      "collage": "D.A.V. Sr. Sec. Public School,Rihand Nagar Sonbhadra",
      "duration":"2017 - 2019"
      
    }
  ],
  "projects": [
    {
      "projectId": 1,
      "title": "Demo",
      "imageSrc": "projects/soon.webp",
      "description": "Lorem ipsum dolor sit amet, consectetur adipiscing elit, ",
      "skills": ["React", "Express", "Node"],
      "demo": "https://www.example.com",
      "source": "https://www.github.com"
    },
    {
      "projectId": 2,
      "title": "Demo",
      "imageSrc": "projects/soon.webp",
      "description": "Lorem ipsum dolor sit amet, consectetur adipiscing elit,",
      "skills": ["Flutter", "Express", "Node"],
      "demo": "https://www.example.com",
      "source": "https://www.github.com"
    },
    {
      "projectId": 3,
      "title": "Demo",
      "imageSrc": "projects/soon.webp",
      "description": "Lorem ipsum dolor sit amet, consectetur adipiscing elit, ",
      "skills": ["HTML", "CSS", "JS", "Bootstrap"],
      "demo": "https://www.example.com",
      "source": "https://www.github.com"
    }
  ],
  "skills": [
    {
      "skillId": 1,
      "title": "MongoDB",
      "imageSrc": "skills/mongoDB3D.png"
    },
    {
      "skillId": 2,
      "title": "ExpressJS",
      "imageSrc": "skills/express3D.png"
    },
    {
      "skillId": 3,
      "title": "React",
      "imageSrc": "skills/react3D.png"
    },
    {
      "skillId": 4,
      "title": "Node",
      "imageSrc": "skills/nodejs3D.png"
    },
    {
      "skillId": 5,
      "title": "HTML",
      "imageSrc": "skills/html3D.png"
    },
    {
      "skillId": 6,
      "title": "CSS",
      "imageSrc": "skills/css3D.png"
    },
    {
      "skillId": 7,
      "title": "Javascript",
      "imageSrc": "skills/javascript3D.png"
    },
    {
      "skillId": 8,
      "title": "Flutter",
      "imageSrc": "skills/flutter3D.png"
    },
    {
      "skillId": 9,
      "title": "C++",
      "imageSrc": "skills/cpp3D.png"
    }
  ],
  "platform": [
    {
      "platformId": 1,
      "title": "GeeksGeeks",
      "imageSrc": "platform/gfg.png",
      "description": "Lorem ipsum dolor sit amet, consectetur adipiscing elit, sed do eiusmod tempor incididunt ut labore et dolore magna aliqua. Nullam vehicula ipsum a arcu cursus vitae congue mauris rhoncus.",
      "link": "https://www.geeksforgeeks.org/user/pawan_kumar85440/"
    },
    {
      "platformId": 2,
      "title": "Leetcode",
      "imageSrc": "platform/leetcode.png",
      "description": "Lorem ipsum dolor sit amet, consectetur adipiscing elit, sed do eiusmod tempor incididunt ut labore et dolore magna aliqua. Nullam vehicula ipsum a arcu cursus vitae congue mauris rhoncus.",
      "link": "https://leetcode.com/u/Pawan83033/"
    },
    {
      "platformId": 4,
      "title": "Github",
      "imageSrc": "platform/github.png",
      "description": "Lorem ipsum dolor sit amet, consectetur adipiscing elit, sed do eiusmod tempor incididunt ut labore et dolore magna aliqua. Nullam vehicula ipsum a arcu cursus vitae congue mauris rhoncus.",
      "link": "https://github.com/PawanKumar85"
    }
  ],
  "education": [
    {
      "start_date": "August 2018",
      "end_date": "May 2022",
      "institution": "University of XYZ",
      "description": "Bachelor of Science in Computer Science",
      "image": "https://example.com/your-image-url.jpg"
    },
    {
      "start_date": "September 2022",
      "end_date": "Present",
      "institution": "Graduate School of ABC",
      "description": "Master's in Data Science",
      "image": "https://example.com/another-image-url.jpg"
    },
    {
      "start_date": "September 2022",
      "end_date": "Present",
      "institution": "Graduate School of ABC",
      "description": "Master's in Data Science",
      "image": "https://example.com/another-image-url.jpg"
    }
  ],
  "contacts": {
    "title": "Contact",
    "description": "Feel Free to react out!",
    "contactInfo": [
      {
        "contactId": 1,
        "type": "Linkedin",
        "link": "https://www.linkedin.com/in/pawan-kumar-89402a205",
        "name": "linkedin.com/PawanKumar85",
        "icon": "contact/linkedinIcon.png",
        "alt": "Linkedin Icon"
      },
      {
        "contactId": 2,
        "type": "github",
        "link": "https://github.com/PawanKumar85",
        "name": "github.com/PawanKumar85",
        "icon": "contact/githubIcon.png",
        "alt": "Github Icon"
      }
    ],
    "emailInfo": {
      "type": "email",
      "emailId": "pawan630703@gmail.com",
      "name": "pawan@gmail.com",
      "icon": "contact/emailIcon.png",
      "alt": "Email Icon"
    }
  }
}
